"links__self","id","neo_reference_id","name","designation","nasa_jpl_url","absolute_magnitude_h","estimated_diameter__|","estimated_diameter__|__estimated_diameter_min","estimated_diameter__|__estimated_diameter_max","is_potentially_hazardous_asteroid","close_approach_data__close_approach_date","close_approach_data__close_approach_date_full","close_approach_data__epoch_date_close_approach","close_approach_data__relative_velocity__kilometers_per_second","close_approach_data__relative_velocity__kilometers_per_hour","close_approach_data__relative_velocity__miles_per_hour","close_approach_data__miss_distance__astronomical","close_approach_data__miss_distance__lunar","close_approach_data__miss_distance__kilometers","close_approach_data__miss_distance__miles","close_approach_data__orbiting_body","orbital_data__orbit_id","orbital_data__orbit_determination_date","orbital_data__first_observation_date","orbital_data__last_observation_date","orbital_data__data_arc_in_days","orbital_data__observations_used","orbital_data__orbit_uncertainty","orbital_data__minimum_orbit_intersection","orbital_data__jupiter_tisserand_invariant","orbital_data__epoch_osculation","orbital_data__eccentricity","orbital_data__semi_major_axis","orbital_data__inclination","orbital_data__ascending_node_longitude","orbital_data__orbital_period","orbital_data__perihelion_distance","orbital_data__perihelion_argument","orbital_data__aphelion_distance","orbital_data__perihelion_time","orbital_data__mean_anomaly","orbital_data__mean_motion","orbital_data__equinox","orbital_data__orbit_class__orbit_class_type","orbital_data__orbit_class__orbit_class_description","orbital_data__orbit_class__orbit_class_range","is_sentry_object"
"http://api.nasa.gov/neo/rest/v1/neo/3542519?api_key=DEMO_KEY","3542519","3542519","(2010 PK9)","2010 PK9","https://ssd.jpl.nasa.gov/tools/sbdb_lookup.html#/?sstr=3542519","21.81","kilometers","0.1154928176","0.258249791","True","1900-06-01","1900-Jun-01 16:40","-2195882400000","30.9354328365","111367.5582113129","69199.4697119127","0.0445495565","17.3297774785","6664518.761844655","4141139.931400039","Merc","30","2023-08-23 05:49:41","2010-07-18","2023-08-22","4783","123","0",".0161596","8.150","2460600.5",".675827388781843",".6820681358625633","12.58812105676965","306.5145012039707","205.7501064196426",".2211078086312678","195.638736952186","1.143028463093859","2460683.644436243885","214.5225683298073","1.749695328301573","J2000","ATE","Near-Earth asteroid orbits similar to that of 2062 Aten","a (semi-major axis) < 1.0 AU; q (perihelion) > 0.983 AU","False"
"","","","","","","","meters","115.4928175848","258.2497910326","","1900-07-07","1900-Jul-07 22:08","-2192752320000","31.7784421852","114402.3918665533","71085.1973239703","0.1416686321","55.1090978869","21193325.607973627","13168921.8817729726","Venus","","","","","","","","","","","","","","","","","","","","","","","","","",""
"","","","","","","","miles","0.0717638876","0.1604689309","","1900-07-27","1900-Jul-27 20:47","-2191029180000","23.864674044","85912.8265584731","53382.889369069","0.2177325755","84.6979718695","32572329.524414185","20239507.048058353","Earth","","","","","","","","","","","","","","","","","","","","","","","","","",""
"","","","","","","","feet","378.9134556449","847.2762444114","","1902-02-11","1902-Feb-11 06:39","-2142350460000","28.1657402294","101396.6648258962","63003.9443191798","0.0869629861","33.8286015929","13009477.489399607","8083714.4650922966","Merc","","","","","","","","","","","","","","","","","","","","","","","","","",""
"","","","","","","","","","","","1903-09-02","1903-Sep-02 16:26","-2093240040000","20.7057263268","74540.614776588","46316.639220486","0.1920470272","74.7062935808","28729826.208952064","17851886.2032799232","Earth","","","","","","","","","","","","","","","","","","","","","","","","","",""
"","","","","","","","","","","","1904-07-26","1904-Jul-26 08:05","-2064930900000","15.8485675157","57054.8430565697","35451.6606759002","0.0426608717","16.5950790913","6381975.538663279","3965575.7135360902","Earth","","","","","","","","","","","","","","","","","","","","","","","","","",""
"","","","","","","","","","","","1907-04-13","1907-Apr-13 18:18","-1979271720000","30.3958592282","109425.0932215952","67992.4975076073","0.1169732796","45.5026057644","17498953.475074452","10873345.4856813576","Venus","","","","","","","","","","","","","","","","","","","","","","","","","",""
"","","","","","","","","","","","1907-08-23","1907-Aug-23 15:07","-1967878380000","30.7218238305","110598.5657898198","68721.6477264578","0.444173708","172.783572412","66447440.62680196","41288525.031148648","Earth","","","","","","","","","","","","","","","","","","","","","","","","","",""
"","","","","","","","","","","","1908-08-17","1908-Aug-17 14:29","-1936776660000","14.3282384178","51581.6583042571","32050.8365168869","0.1463952202","56.9477406578","21900413.120100974","13608285.6882384812","Earth","","","","","","","","","","","","","","","","","","","","","","","","","",""
"","","","","","","","","","","","1909-07-31","1909-Jul-31 06:55","-1906736700000","26.865742776","96716.673993695","60095.9800156935","0.3030638845","117.8918510705","45337711.595126015","28171547.653188407","Earth","","","","","","","","","","","","","","","","","","","","","","","","","",""
"","","","","","","","","","","","1912-09-02","1912-Sep-02 17:01","-1809154740000","18.1653406437","65395.2263172149","40634.0504858272","0.142668462","55.498031718","21342898.03137594","13261861.875990372","Earth","","","","","","","","","","","","","","","","","","","","","","","","","",""
"","","","","","","","","","","","1913-07-24","1913-Jul-24 19:43","-1781065020000","17.6679368771","63604.5727574264","39521.408000302","0.0341720511","13.2929278779","5112066.058091157","3176490.5526736866","Earth","","","","","","","","","","","","","","","","","","","","","","","","","",""
"","","","","","","","","","","","1914-01-17","1914-Jan-17 12:20","-1765798800000","28.8053254859","103699.1717492375","64434.6325794081","0.0904592237","35.1886380193","13532507.187373519","8408710.0491678022","Venus","","","","","","","","","","","","","","","","","","","","","","","","","",""
"","","","","","","","","","","","1915-09-12","1915-Sep-12 10:17","-1713706980000","25.4093966639","91473.8279901872","56838.2793975694","0.0884547956","34.4089154884","13232649.013045372","8222386.8195632536","Merc","","","","","","","","","","","","","","","","","","","","","","","","","",""
"","","","","","","","","","","","1916-08-26","1916-Aug-26 18:08","-1683525120000","27.5358559955","99129.0815838929","61594.9562763917","0.3610723315","140.4571369535","54015651.708333905","33563769.598881689","Earth","","","","","","","","","","","","","","","","","","","","","","","","","",""
"","","","","","","","","","","","1917-05-22","1917-May-22 04:11","-1660333740000","29.919887598","107711.5953527176","66927.796567915","0.0650552501","25.3064922889","9732126.847277287","6047263.2075770806","Merc","","","","","","","","","","","","","","","","","","","","","","","","","",""
"","","","","","","","","","","","1917-08-09","1917-Aug-09 13:02","-1653476280000","14.3091269675","51512.857082941","32008.0861135641","0.1373503203","53.4292745967","20547315.360697761","12767509.7278446618","Earth","","","","","","","","","","","","","","","","","","","","","","","","","",""
"","","","","","","","","","","","1918-08-04","1918-Aug-04 09:55","-1622383500000","30.2107926533","108758.8535519142","67578.522086188","0.3954135304","153.8158633256","59153021.917020248","36755983.4216375024","Earth","","","","","","","","","","","","","","","","","","","","","","","","","",""
"","","","","","","","","","","","1919-01-29","1919-Jan-29 16:06","-1606982040000","34.3398497229","123623.4590025116","76814.8098451995","0.0671104434","26.1059624826","10039579.387395558","6238305.3572643804","Merc","","","","","","","","","","","","","","","","","","","","","","","","","",""
"","","","","","","","","","","","1920-10-08","1920-Oct-08 02:09","-1553637060000","38.811269983","139720.5719386276","86816.9298248656","0.0926342278","36.0347146142","13857883.167974786","8610889.3083366068","Merc","","","","","","","","","","","","","","","","","","","","","","","","","",""
"","","","","","","","","","","","1920-10-23","1920-Oct-23 19:32","-1552278480000","28.0912477019","101128.491726858","62837.3119843913","0.0795567036","30.9475577004","11901513.402781332","7395257.5058411016","Venus","","","","","","","","","","","","","","","","","","","","","","","","","",""
"","","","","","","","","","","","1921-08-31","1921-Aug-31 19:42","-1525321080000","15.8300932301","56988.335628283","35410.3355463628","0.1246257468","48.4794155052","18643746.268439316","11584686.7421459208","Earth","","","","","","","","","","","","","","","","","","","","","","","","","",""
"","","","","","","","","","","","1922-07-25","1922-Jul-25 22:12","-1496972880000","20.6690110665","74408.4398394745","46234.5108547002","0.1240149754","48.2418254306","18552376.167942398","11527911.9943771724","Earth","","","","","","","","","","","","","","","","","","","","","","","","","",""
"","","","","","","","","","","","1925-03-20","1925-Mar-20 17:09","-1413269460000","41.3017009746","148686.1235086507","92387.7749101391","0.0641467923","24.9531022047","9596223.495412401","5962816.7805610938","Merc","","","","","","","","","","","","","","","","","","","","","","","","","",""
"","","","","","","","","","","","1925-08-30","1925-Aug-30 22:22","-1399167480000","23.7989582966","85676.2498676909","53235.8898136216","0.2660592343","103.4970421427","39801894.745110941","24731750.5680993458","Earth","","","","","","","","","","","","","","","","","","","","","","","","","",""
"","","","","","","","","","","","1926-08-01","1926-Aug-01 00:37","-1370215380000","14.7278877542","53020.3959149681","32944.8121172756","0.0980221867","38.1306306263","14663910.343062329","9111731.3705809802","Earth","","","","","","","","","","","","","","","","","","","","","","","","","",""
"","","","","","","","","","","","1926-11-28","1926-Nov-28 19:42","-1359865080000","32.2165288108","115979.5037188728","72065.153296874","0.0394159818","15.3328169202","5896546.921238766","3663944.3575003308","Merc","","","","","","","","","","","","","","","","","","","","","","","","","",""
"","","","","","","","","","","","1927-07-31","1927-Jul-31 06:22","-1338745080000","27.6264899736","99455.3639048833","61797.6954218982","0.0730827273","28.4291809197","10933020.337870851","6793463.8208497038","Venus","","","","","","","","","","","","","","","","","","","","","","","","","",""
"","","","","","","","","","","","1927-08-09","1927-Aug-09 10:59","-1337950860000","34.0525041141","122589.0148106588","76172.0464527674","0.4986464872","193.9734835208","74596452.368102264","46352086.1267446832","Earth","","","","","","","","","","","","","","","","","","","","","","","","","",""
"","","","","","","","","","","","1928-08-09","1928-Aug-09 11:32","-1306326480000","28.0109074481","100839.2668130063","62657.5988705594","0.0829350475","32.2617334775","12406906.454348825","7709294.186010785","Merc","","","","","","","","","","","","","","","","","","","","","","","","","",""
"","","","","","","","","","","","1930-08-25","1930-Aug-25 02:44","-1241903760000","14.6075651145","52587.2344123501","32675.6624047183","0.1398419272","54.3985096808","20920054.445815064","12999119.0554693232","Earth","","","","","","","","","","","","","","","","","","","","","","","","","",""
"","","","","","","","","","","","1931-07-29","1931-Jul-29 03:54","-1212696360000","24.2417854016","87270.4274456092","54226.4497647453","0.2286098065","88.9292147285","34199540.113512155","21250608.822711539","Earth","","","","","","","","","","","","","","","","","","","","","","","","","",""
"","","","","","","","","","","","1934-05-06","1934-May-06 18:46","-1125206040000","27.2786522914","98203.1482489086","61019.617310551","0.0687181646","26.7313660294","10280091.054469402","6387752.3772336676","Venus","","","","","","","","","","","","","","","","","","","","","","","","","",""
"","","","","","","","","","","","1934-09-02","1934-Sep-02 23:18","-1114908120000","20.1591561001","72572.961960234","45094.0162802354","0.1802087871","70.1012181819","26958850.705443477","16751453.0531629026","Earth","","","","","","","","","","","","","","","","","","","","","","","","","",""
"","","","","","","","","","","","1935-07-26","1935-Jul-26 13:51","-1086689340000","16.2261034397","58413.9723829636","36296.170784292","0.0297534393","11.5740878877","4451051.144454291","2765754.9314035758","Earth","","","","","","","","","","","","","","","","","","","","","","","","","",""
"","","","","","","","","","","","1938-08-24","1938-Aug-24 16:06","-989481240000","29.8614639114","107501.2700810065","66797.1086233899","0.4214158778","163.9307764642","63042917.703060286","39173052.5820965068","Earth","","","","","","","","","","","","","","","","","","","","","","","","","",""
"","","","","","","","","","","","1939-08-16","1939-Aug-16 02:35","-958685100000","14.3109719099","51519.4988756548","32012.2130652645","0.1464439413","56.9666931657","21907701.692885031","13612814.5973581878","Earth","","","","","","","","","","","","","","","","","","","","","","","","","",""
"","","","","","","","","","","","1940-07-02","1940-Jul-02 20:49","-930885060000","24.6239000135","88646.0400484513","55081.2019401058","0.0938425035","36.5047338615","14038638.639067545","8723205.549900321","Merc","","","","","","","","","","","","","","","","","","","","","","","","","",""
"","","","","","","","","","","","1940-08-01","1940-Aug-01 07:16","-928341840000","27.8642663092","100311.3587131736","62329.5773070828","0.3306504061","128.6230079729","49464596.467195007","30735875.0032528166","Earth","","","","","","","","","","","","","","","","","","","","","","","","","",""
"","","","","","","","","","","","1941-02-10","1941-Feb-10 01:08","-911688720000","26.4489353551","95216.1672784489","59163.6234958784","0.0607163458","23.6186585162","9083036.005863446","5643936.8612137148","Venus","","","","","","","","","","","","","","","","","","","","","","","","","",""
"","","","","","","","","","","","1942-03-12","1942-Mar-12 15:29","-877509060000","29.0549529655","104597.8306757986","64993.0242885261","0.0678010832","26.3746213648","10142897.630412784","6302504.3365290592","Merc","","","","","","","","","","","","","","","","","","","","","","","","","",""
"","","","","","","","","","","","1943-09-03","1943-Sep-03 09:06","-830876040000","17.2805787274","62210.0834188056","38654.926555424","0.1319166191","51.3155648299","19734445.234961317","12262415.6532354946","Earth","","","","","","","","","","","","","","","","","","","","","","","","","",""
"","","","","","","","","","","","1943-11-20","1943-Nov-20 03:23","-824157420000","33.3897924298","120203.2527473603","74689.6266862695","0.0639370185","24.8715001965","9564841.781750595","5943317.087904411","Merc","","","","","","","","","","","","","","","","","","","","","","","","","",""
"","","","","","","","","","","","1944-07-24","1944-Jul-24 16:51","-802768140000","18.6256505925","67052.342133144","41663.7178104527","0.0617544916","24.0224972324","9238340.406292892","5740438.5407982296","Earth","","","","","","","","","","","","","","","","","","","","","","","","","",""
"","","","","","","","","","","","1945-07-29","1945-Jul-29 14:42","-770807880000","37.96449053","136672.1659080043","84922.7688665597","0.0865908625","33.6838455125","12953808.591462875","8049123.415922675","Merc","","","","","","","","","","","","","","","","","","","","","","","","","",""
"","","","","","","","","","","","1947-08-29","1947-Aug-29 03:56","-705096240000","26.1761083923","94233.9902121306","58553.336862643","0.3266192653","127.0548942017","48861546.389844911","30361157.0610893318","Earth","","","","","","","","","","","","","","","","","","","","","","","","","",""
"","","","","","","","","","","","1947-11-17","1947-Nov-17 11:29","-698157060000","25.8727671443","93141.961719575","57874.7928251437","0.0575846443","22.4004266327","8614540.131987641","5352827.0241298058","Venus","","","","","","","","","","","","","","","","","","","","","","","","","",""
"","","","","","","","","","","","1948-08-06","1948-Aug-06 01:01","-675471540000","14.4029741125","51850.7068050356","32218.0127922734","0.1269892187","49.3988060743","18997316.630484169","11804385.1775687722","Earth","","","","","","","","","","","","","","","","","","","","","","","","","",""
"","","","","","","","","","","","1949-08-06","1949-Aug-06 01:15","-643934700000","31.6066769737","113784.0371052433","70700.9757224219","0.4332114003","168.5192347167","64807502.744597361","40269514.8832751418","Earth","","","","","","","","","","","","","","","","","","","","","","","","","",""
"","","","","","","","","","","","1950-01-09","1950-Jan-09 05:28","-630441120000","42.836757289","154212.3262403132","95821.5423797102","0.0729469903","28.3763792267","10912714.371790661","6780846.2786106818","Merc","","","","","","","","","","","","","","","","","","","","","","","","","",""
"","","","","","","","","","","","1951-09-19","1951-Sep-19 06:18","-577042920000","33.4273294606","120338.3860579937","74773.5932703128","0.0369862454","14.3876494606","5533063.531137298","3438086.2520707924","Merc","","","","","","","","","","","","","","","","","","","","","","","","","",""
"","","","","","","","","","","","1952-08-29","1952-Aug-29 14:03","-547207020000","15.1855756149","54668.0722136332","33968.6140929656","0.1293963476","50.3351792164","19357417.986739612","12028141.7846141656","Earth","","","","","","","","","","","","","","","","","","","","","","","","","",""
"","","","","","","","","","","","1953-05-30","1953-May-30 15:18","-523528920000","27.9567729817","100644.3827339918","62536.5054826851","0.0762880327","29.6760447203","11412527.198410349","7091415.5677828562","Merc","","","","","","","","","","","","","","","","","","","","","","","","","",""
"","","","","","","","","","","","1953-07-26","1953-Jul-26 18:46","-518591640000","21.9944923651","79180.1725144039","49199.4799715195","0.1634510795","63.5824699255","24451933.342400665","15193726.836492577","Earth","","","","","","","","","","","","","","","","","","","","","","","","","",""
"","","","","","","","","","","","1954-08-24","1954-Aug-24 00:16","-484616640000","25.5167351444","91860.2465199008","57078.3848445462","0.0568519802","22.1154202978","8504935.143202174","5284721.6421870412","Venus","","","","","","","","","","","","","","","","","","","","","","","","","",""
"","","","","","","","","","","","1956-09-01","1956-Sep-01 03:24","-420755760000","22.3659577881","80517.4480372777","50030.410976274","0.2307040306","89.7438679034","34512831.578174822","21445279.1118716636","Earth","","","","","","","","","","","","","","","","","","","","","","","","","",""
"","","","","","","","","","","","1957-07-29","1957-Jul-29 03:29","-392157060000","15.1637511841","54589.5042626048","33919.7950236169","0.0738053613","28.7102855457","11041124.845060431","6860636.8467627078","Earth","","","","","","","","","","","","","","","","","","","","","","","","","",""
"","","","","","","","","","","","1960-08-21","1960-Aug-21 12:01","-295444740000","32.1584874482","115770.5548133504","71935.3205727732","0.4813434882","187.2426169098","72007960.573090134","44743671.9084824892","Earth","","","","","","","","","","","","","","","","","","","","","","","","","",""
"","","","","","","","","","","","1961-05-30","1961-May-30 13:13","-271075620000","25.1344162448","90483.8984812681","56223.1756979857","0.0573276865","22.3004700485","8576099.792427755","5328941.304722819","Venus","","","","","","","","","","","","","","","","","","","","","","","","","",""
"","","","","","","","","","","","1961-08-21","1961-Aug-21 09:27","-263917980000","14.4043807934","51855.7708563746","32221.1593968401","0.1456425616","56.6549564624","21787816.996703792","13538321.7014326496","Earth","","","","","","","","","","","","","","","","","","","","","","","","","",""
"","","","","","","","","","","","1962-07-30","1962-Jul-30 12:58","-234270120000","25.7005070786","92521.8254830903","57489.4642842013","0.2695683243","104.8620781527","40326847.134749241","25057940.8573758858","Earth","","","","","","","","","","","","","","","","","","","","","","","","","",""
"","","","","","","","","","","","1965-04-23","1965-Apr-23 18:22","-148023480000","24.7712913739","89176.6489462175","55410.9016743872","0.0925823548","36.0145360172","13850123.077664276","8606067.4118119688","Merc","","","","","","","","","","","","","","","","","","","","","","","","","",""
"","","","","","","","","","","","1965-09-03","1965-Sep-03 06:57","-136573380000","18.9137579123","68089.5284841562","42308.1850739469","0.1565253471","60.8883600219","23415858.527170677","14549939.7991102626","Earth","","","","","","","","","","","","","","","","","","","","","","","","","",""
"","","","","","","","","","","","1966-07-25","1966-Jul-25 14:11","-108467340000","17.0921044329","61531.5759585437","38233.3284060184","0.0189284342","7.3631609038","2831653.438755154","1759507.8573789652","Earth","","","","","","","","","","","","","","","","","","","","","","","","","",""
"","","","","","","","","","","","1967-01-01","1967-Jan-01 16:07","-94636380000","29.5403330934","106345.1991361122","66078.7710965471","0.0660222821","25.6826677369","9876792.774699127","6137154.4465648726","Merc","","","","","","","","","","","","","","","","","","","","","","","","","",""
"","","","","","","","","","","","1968-03-06","1968-Mar-06 02:39","-57532860000","24.7937163432","89257.3788353461","55461.064087996","0.058929695","22.923651355","8815756.85174965","5477857.29605917","Venus","","","","","","","","","","","","","","","","","","","","","","","","","",""
"","","","","","","","","","","","1968-09-10","1968-Sep-10 10:21","-41261940000","34.6191131182","124628.8072254368","77439.4941340499","0.0680979309","26.4900951201","10187305.414047183","6330098.0537418054","Merc","","","","","","","","","","","","","","","","","","","","","","","","","",""
"","","","","","","","","","","","1969-08-26","1969-Aug-26 14:37","-11006580000","28.1479391479","101332.5809323165","62964.1250798608","0.3781104724","147.0849737636","56564521.295733788","35147563.7189827544","Earth","","","","","","","","","","","","","","","","","","","","","","","","","",""
"","","","","","","","","","","","1970-05-21","1970-May-21 00:03","12096180000","39.5403370707","142345.2134543627","88447.7799933511","0.0980756674","38.1514346186","14671910.941868438","9116702.7121549244","Merc","","","","","","","","","","","","","","","","","","","","","","","","","",""
"","","","","","","","","","","","1970-08-11","1970-Aug-11 11:32","19222320000","14.2920312616","51451.3125417762","31969.8447290831","0.1413536933","54.9865866937","21146211.434313271","13139646.4917782998","Earth","","","","","","","","","","","","","","","","","","","","","","","","","",""
"","","","","","","","","","","","1971-08-04","1971-Aug-04 09:19","50145540000","29.7057856668","106940.8284004519","66448.8719580475","0.3816628117","148.4668337513","57095943.688531079","35477774.2817997302","Earth","","","","","","","","","","","","","","","","","","","","","","","","","",""
"","","","","","","","","","","","1974-09-01","1974-Sep-01 17:21","147288060000","15.9538510899","57433.8639237538","35687.169503068","0.1260044348","49.0157251372","18849995.056633876","11712843.7964084488","Earth","","","","","","","","","","","","","","","","","","","","","","","","","",""
"","","","","","","","","","","","1974-11-01","1974-Nov-01 03:23","152508180000","37.9258876819","136533.1956547226","84836.4181555692","0.0465870797","18.1223740033","6969327.892640239","4330539.5426997382","Merc","","","","","","","","","","","","","","","","","","","","","","","","","",""
"","","","","","","","","","","","1974-12-11","1974-Dec-11 20:29","156025740000","24.8720098837","89539.235581298","55636.1989088349","0.0582876854","22.6739096206","8719713.583070098","5418178.7762314324","Venus","","","","","","","","","","","","","","","","","","","","","","","","","",""
"","","","","","","","","","","","1975-07-26","1975-Jul-26 07:58","175593480000","20.4395575336","73582.4071209996","45721.2462469344","0.1173620565","45.6538399785","17557113.671219655","10909484.555775039","Earth","","","","","","","","","","","","","","","","","","","","","","","","","",""
"","","","","","","","","","","","1976-07-11","1976-Jul-11 20:13","205963980000","29.3322296766","105596.026835639","65613.2645635114","0.0547086062","21.2816478118","8184290.958188794","5085482.5844575972","Merc","","","","","","","","","","","","","","","","","","","","","","","","","",""
"","","","","","","","","","","","1978-08-31","1978-Aug-31 09:50","273405000000","23.9253630003","86131.3068010199","53518.6444953337","0.2695815181","104.8672105409","40328820.899126447","25059167.2976890886","Earth","","","","","","","","","","","","","","","","","","","","","","","","","",""
"","","","","","","","","","","","1979-08-01","1979-Aug-01 15:01","302367660000","14.721520587","52997.4741132716","32930.5694011048","0.0991680657","38.5763775573","14835331.400740059","9218247.4766044542","Earth","","","","","","","","","","","","","","","","","","","","","","","","","",""
"","","","","","","","","","","","1980-08-08","1980-Aug-08 23:43","334626180000","34.0644395093","122631.9822334343","76198.7447383248","0.4985865202","193.9501563578","74587481.432631974","46346511.8459262812","Earth","","","","","","","","","","","","","","","","","","","","","","","","","",""
"","","","","","","","","","","","1981-09-17","1981-Sep-17 14:22","369584520000","24.9886427142","89959.113771088","55897.0948873741","0.0576365966","22.4206360774","8622312.085409242","5357656.2920498596","Venus","","","","","","","","","","","","","","","","","","","","","","","","","",""
"","","","","","","","","","","","1983-08-25","1983-Aug-25 10:04","430653840000","14.5663606317","52438.8982739936","32583.4920969712","0.1414384124","55.0195424236","21158885.231221588","13147521.6240023944","Earth","","","","","","","","","","","","","","","","","","","","","","","","","",""
"","","","","","","","","","","","1984-07-28","1984-Jul-28 19:34","459891240000","24.3861573032","87790.166291488","54549.3952715082","0.2321242313","90.2963259757","34725290.577867331","21577295.0126219278","Earth","","","","","","","","","","","","","","","","","","","","","","","","","",""
"","","","","","","","","","","","1987-09-03","1987-Sep-03 14:29","557677740000","19.9365047745","71771.4171882893","44595.9675301345","0.1774118658","69.0132157962","26540437.236405846","16491462.9794028348","Earth","","","","","","","","","","","","","","","","","","","","","","","","","",""
"","","","","","","","","","","","1988-06-06","1988-Jun-06 23:46","581643960000","25.1346218277","90484.6385798608","56223.6355664696","0.0899530059","34.9917192951","13456778.082737433","8361654.1655572554","Merc","","","","","","","","","","","","","","","","","","","","","","","","","",""
"","","","","","","","","","","","1988-06-24","1988-Jun-24 07:25","583140300000","24.9965981111","89987.7531998711","55914.8903146643","0.0574255329","22.3385322981","8590737.405454923","5338036.6956990174","Venus","","","","","","","","","","","","","","","","","","","","","","","","","",""
"","","","","","","","","","","","1988-07-25","1988-Jul-25 21:10","585868200000","16.3625995712","58905.3584564302","36601.4989808857","0.0249760729","9.7156923581","3736367.306804723","2321670.9871342574","Earth","","","","","","","","","","","","","","","","","","","","","","","","","",""
"","","","","","","","","","","","1990-02-14","1990-Feb-14 16:05","635011500000","29.4294459212","105946.0053162192","65830.7275810696","0.0663239628","25.8000215292","9921923.564839236","6165197.4191880168","Merc","","","","","","","","","","","","","","","","","","","","","","","","","",""
"","","","","","","","","","","","1991-08-25","1991-Aug-25 11:17","683119020000","29.6044825584","106576.1372102998","66222.2670349221","0.4160151029","161.8298750281","62234973.281670823","38671019.1982424374","Earth","","","","","","","","","","","","","","","","","","","","","","","","","",""
"","","","","","","","","","","","1991-10-25","1991-Oct-25 03:28","688361280000","33.7437061737","121477.3422254701","75481.2963400428","0.0648823499","25.2392341111","9706261.345634713","6031191.1301285194","Merc","","","","","","","","","","","","","","","","","","","","","","","","","",""
"","","","","","","","","","","","1992-08-15","1992-Aug-15 00:22","713838120000","14.2838607537","51421.8987132048","31951.5681198799","0.1468750021","57.1343758169","21972187.470405527","13652884.2014571926","Earth","","","","","","","","","","","","","","","","","","","","","","","","","",""
"","","","","","","","","","","","1993-07-03","1993-Jul-03 12:07","741701220000","38.0352547312","136926.9170324986","85081.0613083322","0.0870638225","33.8678269525","13024562.400058075","8093087.793928435","Merc","","","","","","","","","","","","","","","","","","","","","","","","","",""
"","","","","","","","","","","","1993-08-02","1993-Aug-02 02:58","744260280000","28.0973336544","101150.4011558854","62850.9256515555","0.3370934029","131.1293337281","50428455.064891823","31334788.9638522374","Earth","","","","","","","","","","","","","","","","","","","","","","","","","",""
"","","","","","","","","","","","1995-03-31","1995-Mar-31 16:06","796665960000","24.1345857161","86884.5085780298","53986.6547883875","0.064178429","24.965408881","9600956.27834623","5965757.595508774","Venus","","","","","","","","","","","","","","","","","","","","","","","","","",""
"","","","","","","","","","","","1996-09-02","1996-Sep-02 19:20","841692000000","17.132767098","61677.9615528331","38324.2867215368","0.1321740581","51.4157086009","19772957.561016247","12286346.1029763286","Earth","","","","","","","","","","","","","","","","","","","","","","","","","",""
"","","","","","","","","","","","1997-07-25","1997-Jul-25 06:04","869810640000","18.7564209844","67523.1155437774","41956.2380999654","0.0658909168","25.6315666352","9857140.805627216","6124943.2792229408","Earth","","","","","","","","","","","","","","","","","","","","","","","","","",""
"","","","","","","","","","","","1997-12-13","1997-Dec-13 16:07","882029220000","45.0720572842","162259.4062231909","100821.684939071","0.0863613436","33.5945626604","12919473.052898132","8027788.3015809416","Merc","","","","","","","","","","","","","","","","","","","","","","","","","",""
"","","","","","","","","","","","1999-08-23","1999-Aug-23 12:15","935410500000","35.7443968273","128679.828578222","79956.6412629514","0.0388158239","15.0993554971","5806764.577735093","3608156.1961785634","Merc","","","","","","","","","","","","","","","","","","","","","","","","","",""
"","","","","","","","","","","","2000-08-28","2000-Aug-28 19:27","967490820000","26.0907440425","93926.6785529762","58362.3853486535","0.3248797474","126.3782217386","48601318.217178038","30199458.7726434044","Earth","","","","","","","","","","","","","","","","","","","","","","","","","",""
"","","","","","","","","","","","2001-05-03","2001-May-03 05:18","988867080000","28.6553590752","103159.2926707952","64099.1727153616","0.0616535729","23.9832398581","9223243.183729723","5731057.5616992574","Merc","","","","","","","","","","","","","","","","","","","","","","","","","",""
"","","","","","","","","","","","2001-08-06","2001-Aug-06 07:55","997084500000","14.3848765842","51785.5557030235","32177.530431137","0.1265866287","49.2421985643","18937090.024000869","11766962.0996312322","Earth","","","","","","","","","","","","","","","","","","","","","","","","","",""
"","","","","","","","","","","","2002-01-05","2002-Jan-05 03:17","1010200620000","23.4089640972","84272.270749789","52363.5117889453","0.0736146156","28.6360854684","11012589.694628772","6842905.9264781736","Venus","","","","","","","","","","","","","","","","","","","","","","","","","",""
"","","","","","","","","","","","2002-08-06","2002-Aug-06 15:09","1028646540000","31.6672138964","114001.9700271912","70836.3907649511","0.4345793006","169.0513479334","65012137.715849722","40396669.1581892836","Earth","","","","","","","","","","","","","","","","","","","","","","","","","",""
"","","","","","","","","","","","2005-08-30","2005-Aug-30 06:32","1125383520000","15.243738594","54877.4589384842","34098.7188609709","0.1303451762","50.7042735418","19499360.724294694","12116340.9118830172","Earth","","","","","","","","","","","","","","","","","","","","","","","","","",""
"","","","","","","","","","","","2006-07-27","2006-Jul-27 04:50","1153975800000","21.8838707968","78781.9348685167","48952.0305853847","0.1594841177","62.0393217853","23858484.306749299","14824974.7050023662","Earth","","","","","","","","","","","","","","","","","","","","","","","","","",""
"","","","","","","","","","","","2008-10-11","2008-Oct-11 15:40","1223739600000","22.6803732908","81649.3438469254","50733.7270142187","0.0860552824","33.4755048536","12873686.949288488","7999338.1360496144","Venus","","","","","","","","","","","","","","","","","","","","","","","","","",""
"","","","","","","","","","","","2009-09-01","2009-Sep-01 09:51","1251798660000","22.6130433656","81406.9561162363","50583.1167045581","0.2382804454","92.6910932606","35646247.094491298","22149550.8561959924","Earth","","","","","","","","","","","","","","","","","","","","","","","","","",""
"","","","","","","","","","","","2010-07-30","2010-Jul-30 05:23","1280467380000","15.0279583726","54100.6501413974","33616.0400836922","0.0796734752","30.9929818528","11918982.185417824","7406112.1040370112","Earth","","","","","","","","","","","","","","","","","","","","","","","","","",""
"","","","","","","","","","","","2013-08-21","2013-Aug-21 07:22","1377069720000","32.6907081725","117686.5494211069","73125.8451111317","0.4961926223","193.0189300747","74229359.405794501","46123985.1371500738","Earth","","","","","","","","","","","","","","","","","","","","","","","","","",""
"","","","","","","","","","","","2014-08-23","2014-Aug-23 08:41","1408783260000","14.4814109949","52133.0795814823","32393.4682543938","0.144619538","56.257000282","21634774.84518406","13443225.718137628","Earth","","","","","","","","","","","","","","","","","","","","","","","","","",""
"","","","","","","","","","","","2014-12-04","2014-Dec-04 13:36","1417700160000","25.0670461787","90241.3662432934","56072.4755971175","0.0904043664","35.1672985296","13524300.652139568","8403610.7446313184","Merc","","","","","","","","","","","","","","","","","","","","","","","","","",""
"","","","","","","","","","","","2015-07-19","2015-Jul-19 05:52","1437285120000","21.7513635699","78304.9088517887","48655.6251696017","0.1053741454","40.9905425606","15763747.704910298","9795138.6172181924","Venus","","","","","","","","","","","","","","","","","","","","","","","","","",""
"","","","","","","","","","","","2015-07-30","2015-Jul-30 10:21","1438251660000","25.0600218174","90216.0785425129","56056.7628032631","0.2516132694","97.8775617966","37640809.165976178","23388914.2573721364","Earth","","","","","","","","","","","","","","","","","","","","","","","","","",""
"","","","","","","","","","","","2016-08-13","2016-Aug-13 04:21","1471062060000","29.1947083844","105100.9501838634","65305.6431850789","0.0668615332","26.0091364148","10002342.951654284","6215167.7090017592","Merc","","","","","","","","","","","","","","","","","","","","","","","","","",""
"","","","","","","","","","","","2018-04-22","2018-Apr-22 13:15","1524402900000","33.2218867569","119598.7923249822","74314.038486598","0.0632976154","24.6227723906","9469188.439919198","5883880.8573850124","Merc","","","","","","","","","","","","","","","","","","","","","","","","","",""
"","","","","","","","","","","","2018-09-03","2018-Sep-03 13:36","1535981760000","19.6774067942","70838.6644592287","44016.3912580135","0.1721374068","66.9614512452","25751389.404603516","16001171.3918438808","Earth","","","","","","","","","","","","","","","","","","","","","","","","","",""
"","","","","","","","","","","","2019-07-26","2019-Jul-26 15:04","1564153440000","16.490947369","59367.4105282344","36888.6001696132","0.0210716868","8.1968861652","3152279.462587116","1958735.6302735608","Earth","","","","","","","","","","","","","","","","","","","","","","","","","",""
"","","","","","","","","","","","2019-12-30","2019-Dec-30 17:39","1577727540000","36.9899087787","133163.6716032163","82742.7269470096","0.0800949192","31.1569235688","11982029.310142104","7445287.7707408752","Merc","","","","","","","","","","","","","","","","","","","","","","","","","",""
"","","","","","","","","","","","2022-04-25","2022-Apr-25 02:39","1650854340000","20.5915328977","74129.5184318521","46061.1999389472","0.1354749634","52.6997607626","20266765.962967958","12593184.4156675004","Venus","","","","","","","","","","","","","","","","","","","","","","","","","",""
"","","","","","","","","","","","2022-08-25","2022-Aug-25 05:02","1661403720000","29.7284111694","107022.2802099332","66499.4829448888","0.4190756048","163.0204102672","62692817.847041776","38955510.6191214688","Earth","","","","","","","","","","","","","","","","","","","","","","","","","",""
"","","","","","","","","","","","2023-08-16","2023-Aug-16 11:36","1692185760000","14.3080419326","51508.9509574018","32005.6589990589","0.1470727017","57.2112809613","22001762.909465379","13671261.5271210702","Earth","","","","","","","","","","","","","","","","","","","","","","","","","",""
"","","","","","","","","","","","2024-08-01","2024-Aug-01 14:16","1722521760000","27.7343979569","99843.8326447637","62039.0747897422","0.3268192032","127.1326700448","48891456.673817184","30379742.4497337792","Earth","","","","","","","","","","","","","","","","","","","","","","","","","",""
"","","","","","","","","","","","2026-02-17","2026-Feb-17 01:37","1771292220000","45.0014879303","162005.3565490786","100663.8283512872","0.0859110624","33.4194032736","12852111.944477088","7985932.0497082944","Merc","","","","","","","","","","","","","","","","","","","","","","","","","",""
"","","","","","","","","","","","2027-09-03","2027-Sep-03 22:29","1820010540000","17.6478790085","63532.3644305035","39476.5405540537","0.1384017677","53.8382876353","20704609.652154799","12865247.8683782662","Earth","","","","","","","","","","","","","","","","","","","","","","","","","",""
"","","","","","","","","","","","2027-10-27","2027-Oct-27 08:34","1824626040000","37.9113758252","136480.95297054","84803.956583278","0.0464761289","18.0792141421","6952729.889285443","4320226.0216593934","Merc","","","","","","","","","","","","","","","","","","","","","","","","","",""
"","","","","","","","","","","","2028-07-25","2028-Jul-25 02:35","1848105300000","18.1453784971","65323.3625894023","40589.397160065","0.0460530464","17.9146350496","6889437.648451168","4280898.0468673984","Earth","","","","","","","","","","","","","","","","","","","","","","","","","",""
"","","","","","","","","","","","2029-07-06","2029-Jul-06 02:17","1877998620000","31.2634007314","112548.2426328992","69933.1010959812","0.0428209472","16.6573484608","6405922.492502464","3980455.6606594432","Merc","","","","","","","","","","","","","","","","","","","","","","","","","",""
"","","","","","","","","","","","2031-03-17","2031-Mar-17 00:49","1931474940000","27.9822742154","100736.187175458","62593.5491924394","0.0796431305","30.9811777645","11914442.682932035","7403291.387990683","Merc","","","","","","","","","","","","","","","","","","","","","","","","","",""
"","","","","","","","","","","","2031-08-28","2031-Aug-28 10:32","1945679520000","27.1868203474","97872.5532504845","60814.1984350024","0.3539198857","137.6748355373","52945661.051363459","32898908.2346713742","Earth","","","","","","","","","","","","","","","","","","","","","","","","","",""
"","","","","","","","","","","","2032-08-09","2032-Aug-09 05:03","1975640580000","14.3317542328","51594.3152380339","32058.7010433217","0.1365572369","53.1207651541","20428671.773325403","12693788.0211724414","Earth","","","","","","","","","","","","","","","","","","","","","","","","","",""
"","","","","","","","","","","","2033-08-04","2033-Aug-04 23:21","2006810460000","30.361377312","109300.9583231291","67915.3649091687","0.3990267605","155.2214098345","59693553.443800135","37091854.137846463","Earth","","","","","","","","","","","","","","","","","","","","","","","","","",""
"","","","","","","","","","","","2035-03-31","2035-Mar-31 08:59","2058944340000","31.8623530739","114704.4710661973","71272.8975911047","0.1418637379","55.1849940431","21222513.020078273","13187058.0986672474","Venus","","","","","","","","","","","","","","","","","","","","","","","","","",""
"","","","","","","","","","","","2036-09-01","2036-Sep-01 06:49","2103864540000","15.8741455398","57146.9239432048","35508.8761579319","0.1271723052","49.4700267228","19024705.980909924","11821404.1307439912","Earth","","","","","","","","","","","","","","","","","","","","","","","","","",""
"","","","","","","","","","","","2037-07-26","2037-Jul-26 03:24","2132191440000","20.4506111675","73622.2002029654","45745.9721205593","0.1170877893","45.5471500377","17516083.882288791","10883989.8271396758","Earth","","","","","","","","","","","","","","","","","","","","","","","","","",""
"","","","","","","","","","","","2040-08-30","2040-Aug-30 18:25","2229963900000","24.3489308928","87656.151214035","54466.1235140764","0.2809139244","109.2755165916","42024124.743581028","26112580.2592250664","Earth","","","","","","","","","","","","","","","","","","","","","","","","","",""
"","","","","","","","","","","","2041-08-02","2041-Aug-02 14:59","2259068340000","14.61572111","52616.5959959269","32693.9065509136","0.1070528446","41.6435565494","16014877.529601002","9951183.4543857476","Earth","","","","","","","","","","","","","","","","","","","","","","","","","",""
"","","","","","","","","","","","2042-01-04","2042-Jan-04 00:08","2272406880000","30.1492204445","108537.1936003469","67440.7912123933","0.111265195","43.282160855","16645036.17713465","10342745.88097217","Venus","","","","","","","","","","","","","","","","","","","","","","","","","",""
"","","","","","","","","","","","2042-08-08","2042-Aug-08 21:08","2291144880000","33.3039594137","119894.2538891634","74497.6268124082","0.478700028","186.214310892","71612504.55774036","44497946.934962568","Earth","","","","","","","","","","","","","","","","","","","","","","","","","",""
"","","","","","","","","","","","2045-08-27","2045-Aug-27 17:08","2387466480000","14.7934955758","53256.5840730517","33091.5702536137","0.137139404","53.347228156","20515762.73146948","12747903.833179624","Earth","","","","","","","","","","","","","","","","","","","","","","","","","",""
"","","","","","","","","","","","2046-06-24","2046-Jun-24 11:35","2413452900000","27.1288843199","97663.9835518049","60684.6013352868","0.076775485","29.865663665","11485449.02421695","7136727.08921591","Merc","","","","","","","","","","","","","","","","","","","","","","","","","",""
"","","","","","","","","","","","2046-07-28","2046-Jul-28 11:52","2416391520000","23.1600463619","83376.1669029376","51806.7077069947","0.1968894086","76.5899799454","29454236.152119682","18302013.6692763316","Earth","","","","","","","","","","","","","","","","","","","","","","","","","",""
"","","","","","","","","","","","2048-03-02","2048-Mar-02 22:03","2466799380000","31.127161889","112057.7828005307","69628.3484295853","0.0618477622","24.0587794958","9252293.489386514","5749108.5845973332","Merc","","","","","","","","","","","","","","","","","","","","","","","","","",""
"","","","","","","","","","","","2048-10-09","2048-Oct-09 17:38","2485877880000","28.5207306802","102674.630448882","63798.02245864","0.0841190373","32.7223055097","12584028.806530551","7819352.9121655638","Venus","","","","","","","","","","","","","","","","","","","","","","","","","",""
"","","","","","","","","","","","2049-09-02","2049-Sep-02 11:47","2514196020000","21.4771423851","77317.7125864838","48042.2198013071","0.211761114","82.375073346","31679011.60322718","19684425.031327884","Earth","","","","","","","","","","","","","","","","","","","","","","","","","",""
"","","","","","","","","","","","2049-11-10","2049-Nov-10 05:33","2520135180000","35.1244969166","126448.1888996236","78569.9871526578","0.0696040802","27.0759871978","10412622.141229174","6470103.3758796412","Merc","","","","","","","","","","","","","","","","","","","","","","","","","",""
"","","","","","","","","","","","2050-07-28","2050-Jul-28 14:11","2542630260000","15.4691398469","55688.9034486946","34602.9189234402","0.0585975906","22.7944627434","8766074.740892022","5446986.2638810236","Earth","","","","","","","","","","","","","","","","","","","","","","","","","",""
"","","","","","","","","","","","2051-07-20","2051-Jul-20 08:49","2573455740000","38.8463698081","139846.9313092583","86895.4446238","0.0923947041","35.9415398949","13822050.932640267","8588624.1897470046","Merc","","","","","","","","","","","","","","","","","","","","","","","","","",""
"","","","","","","","","","","","2053-08-22","2053-Aug-22 19:46","2639504760000","31.6426309834","113913.471540204","70781.4012467451","0.469262149","182.542975961","70200617.96202263","43620641.285587094","Earth","","","","","","","","","","","","","","","","","","","","","","","","","",""
"","","","","","","","","","","","2054-08-21","2054-Aug-21 03:23","2670895380000","14.3683291464","51725.9849268708","32140.515467477","0.1474040006","57.3401562334","22051324.519238722","13702057.6833974836","Earth","","","","","","","","","","","","","","","","","","","","","","","","","",""
"","","","","","","","","","","","2055-07-16","2055-Jul-16 12:04","2699352240000","26.8011334035","96484.0802526907","59951.4553103455","0.0616355938","23.9762459882","9220553.548665206","5729386.2999676028","Venus","","","","","","","","","","","","","","","","","","","","","","","","","",""
"","","","","","","","","","","","2055-07-31","2055-Jul-31 13:58","2700655080000","25.9819035604","93534.8528175448","58118.9200743239","0.277213274","107.835963586","41470515.32612638","25768583.318568844","Earth","","","","","","","","","","","","","","","","","","","","","","","","","",""
"","","","","","","","","","","","2055-12-30","2055-Dec-30 00:31","2713739460000","46.2016500211","166325.9400758736","103348.4709321449","0.0932728429","36.2831358881","13953418.626684623","8670252.2896808774","Merc","","","","","","","","","","","","","","","","","","","","","","","","","",""
"","","","","","","","","","","","2057-09-07","2057-Sep-07 11:45","2767088700000","38.1657521471","137396.7077297105","85372.9709779415","0.047443364","18.455468596","7097426.20003468","4410136.139971384","Merc","","","","","","","","","","","","","","","","","","","","","","","","","",""
"","","","","","","","","","","","2058-09-03","2058-Sep-03 23:45","2798322300000","18.9176108496","68103.3990587353","42316.8037095792","0.1585643214","61.6815210246","23720884.739435418","14739474.2985800484","Earth","","","","","","","","","","","","","","","","","","","","","","","","","",""
"","","","","","","","","","","","2059-05-18","2059-May-18 08:29","2820472140000","31.049524472","111778.2880991273","69454.6812913716","0.043632928","16.973208992","6527393.09066336","4055933.990379968","Merc","","","","","","","","","","","","","","","","","","","","","","","","","",""
"","","","","","","","","","","","2059-07-26","2059-Jul-26 08:27","2826433620000","17.0164845713","61259.3444566681","38064.1743375336","0.0159631792","6.2096767088","2388057.606748304","1483870.1888584352","Earth","","","","","","","","","","","","","","","","","","","","","","","","","",""
"","","","","","","","","","","","2061-01-26","2061-Jan-26 23:41","2874008460000","28.1418873116","101310.7943217899","62950.5877273366","0.0868338351","33.7783618539","12990156.774891237","8071709.1297915906","Merc","","","","","","","","","","","","","","","","","","","","","","","","","",""
"","","","","","","","","","","","2062-04-21","2062-Apr-21 14:26","2912855160000","25.5439045228","91958.0562819616","57139.1600269777","0.055332828","21.524470092","8277673.20987636","5143507.624999368","Venus","","","","","","","","","","","","","","","","","","","","","","","","","",""
"","","","","","","","","","","","2062-08-26","2062-Aug-26 22:01","2923855260000","28.513912158","102650.0837688342","63782.7701062515","0.3881654296","150.9963521144","58068721.475794952","36082230.3698042576","Earth","","","","","","","","","","","","","","","","","","","","","","","","","",""
"","","","","","","","","","","","2063-08-13","2063-Aug-13 06:27","2954212020000","14.2803841507","51409.3829423882","31943.791306619","0.1441007793","56.0552031477","21557169.648620091","13395004.0850596158","Earth","","","","","","","","","","","","","","","","","","","","","","","","","",""
"","","","","","","","","","","","2064-08-03","2064-Aug-03 12:34","2984992440000","29.1866676026","105072.0033693672","65287.6567602604","0.3671901871","142.8369827819","54930869.875061477","34132459.7971713026","Earth","","","","","","","","","","","","","","","","","","","","","","","","","",""
"","","","","","","","","","","","2067-09-03","2067-Sep-03 04:17","3082249020000","16.3976381784","59031.4974423376","36679.8768413236","0.1289646021","50.1672302169","19292829.779557527","11988008.5336747926","Earth","","","","","","","","","","","","","","","","","","","","","","","","","",""
"","","","","","","","","","","","2068-07-25","2068-Jul-25 16:22","3110458920000","19.7434554031","71076.4394512334","44164.13539124","0.0952626944","37.0571881216","14251096.172700928","8855220.5396836864","Earth","","","","","","","","","","","","","","","","","","","","","","","","","",""
"","","","","","","","","","","","2069-01-25","2069-Jan-25 23:05","3126380700000","24.7637341711","89149.4430159247","55393.9969673117","0.0576076018","22.4093571002","8617974.525088166","5354961.0570460508","Venus","","","","","","","","","","","","","","","","","","","","","","","","","",""
"","","","","","","","","","","","2071-08-31","2071-Aug-31 03:02","3208215720000","24.9298221204","89747.359633472","55765.5191011427","0.296692691","115.413456799","44384594.61816817","27579308.226213946","Earth","","","","","","","","","","","","","","","","","","","","","","","","","",""
"","","","","","","","","","","","2072-08-03","2072-Aug-03 17:18","3237470280000","14.5118986349","52242.835085582","32461.6660563718","0.1143526207","44.4831694523","17106908.485637909","10629740.0253807842","Earth","","","","","","","","","","","","","","","","","","","","","","","","","",""
"","","","","","","","","","","","2072-12-19","2072-Dec-19 17:55","3249395700000","24.2737261811","87385.4142521252","54297.8980946053","0.0959324198","37.3177113022","14351285.666025826","8917475.4040393588","Merc","","","","","","","","","","","","","","","","","","","","","","","","","",""
"","","","","","","","","","","","2073-08-08","2073-Aug-08 05:24","3269395440000","32.860991396","118299.5690257343","73506.7516537958","0.4662777045","181.3820270505","69754151.421689415","43343219.841627327","Earth","","","","","","","","","","","","","","","","","","","","","","","","","",""
"","","","","","","","","","","","2074-08-29","2074-Aug-29 14:05","3302777100000","28.7899369989","103643.7731958679","64400.2100727325","0.0682984333","26.5680905537","10217300.146017071","6348735.9159387398","Merc","","","","","","","","","","","","","","","","","","","","","","","","","",""
"","","","","","","","","","","","2075-11-02","2075-Nov-02 09:54","3339914040000","24.0969965415","86749.1875495602","53902.5715637809","0.0635713226","24.7292444914","9510134.454042862","5909323.5307690156","Venus","","","","","","","","","","","","","","","","","","","","","","","","","",""
"","","","","","","","","","","","2076-05-08","2076-May-08 02:40","3356131200000","33.1761909801","119434.2875282275","74211.8216033034","0.0630911435","24.5424548215","9438300.683464345","5864688.095504161","Merc","","","","","","","","","","","","","","","","","","","","","","","","","",""
"","","","","","","","","","","","2076-08-28","2076-Aug-28 03:24","3365810640000","14.8715102369","53537.4368529836","33266.0812490109","0.1369601492","53.2774980388","20488946.595202204","12731241.0587662552","Earth","","","","","","","","","","","","","","","","","","","","","","","","","",""
"","","","","","","","","","","","2077-07-28","2077-Jul-28 06:12","3394678320000","22.9872880264","82754.2368949464","51420.264586196","0.1914050781","74.4565753809","28633791.990943647","17792213.3072784486","Earth","","","","","","","","","","","","","","","","","","","","","","","","","",""
"","","","","","","","","","","","2078-01-15","2078-Jan-15 10:46","3409469160000","37.3818244329","134574.5679584825","83619.4030739804","0.0825801104","32.1236629456","12353808.620204848","7676300.7218009824","Merc","","","","","","","","","","","","","","","","","","","","","","","","","",""
"","","","","","","","","","","","2080-09-02","2080-Sep-02 09:44","3492495840000","21.5135135476","77448.6487714579","48123.5784546873","0.2134319277","83.0250198753","31928961.773913999","19839736.8654872262","Earth","","","","","","","","","","","","","","","","","","","","","","","","","",""
"","","","","","","","","","","","2081-07-28","2081-Jul-28 11:23","3520927380000","15.4685209846","55686.6755446399","34601.5345905014","0.0582153891","22.6457863599","8708898.210581217","5411458.4153941146","Earth","","","","","","","","","","","","","","","","","","","","","","","","","",""
"","","","","","","","","","","","2082-06-27","2082-Jun-27 15:28","3549799680000","46.2697773766","166571.1985558259","103500.8650137575","0.0936696274","36.4374850586","14012776.742733638","8707135.7126866844","Merc","","","","","","","","","","","","","","","","","","","","","","","","","",""
"","","","","","","","","","","","2082-08-08","2082-Aug-08 20:22","3553446120000","23.2643841145","83751.7828122259","52040.1008257412","0.0750989997","29.2135108833","11234650.394250639","6980888.0469072582","Venus","","","","","","","","","","","","","","","","","","","","","","","","","",""
"","","","","","","","","","","","2084-03-06","2084-Mar-06 02:52","3603149520000","38.1876343355","137475.4836076855","85421.9192450088","0.0474615754","18.4625528306","7100150.586684398","4411828.9953367724","Merc","","","","","","","","","","","","","","","","","","","","","","","","","",""
"","","","","","","","","","","","2084-08-22","2084-Aug-22 20:39","3617815140000","31.5520429993","113587.354797381","70578.7649850727","0.4670770512","181.6929729168","69873731.985400944","43417523.7583992672","Earth","","","","","","","","","","","","","","","","","","","","","","","","","",""
"","","","","","","","","","","","2085-08-20","2085-Aug-20 17:22","3649166520000","14.3803312637","51769.1925494784","32167.363003869","0.1482682714","57.6763575746","22180617.590021918","13782396.6722137484","Earth","","","","","","","","","","","","","","","","","","","","","","","","","",""
"","","","","","","","","","","","2085-11-14","2085-Nov-14 00:11","3656535060000","31.0109727057","111639.501740421","69368.4448453188","0.0438544231","17.0593705859","6560528.285838797","4076523.2459255186","Merc","","","","","","","","","","","","","","","","","","","","","","","","","",""
"","","","","","","","","","","","2086-07-31","2086-Jul-31 15:41","3678968460000","26.1125100519","94005.0361867216","58411.0737350215","0.2813371334","109.4401448926","42087435.908545858","26151919.9929265204","Earth","","","","","","","","","","","","","","","","","","","","","","","","","",""
"","","","","","","","","","","","2087-07-26","2087-Jul-26 07:43","3710043780000","28.045217713","100962.7837669717","62734.3475023164","0.0842947764","32.7906680196","12610319.001566268","7835688.8818517784","Merc","","","","","","","","","","","","","","","","","","","","","","","","","",""
"","","","","","","","","","","","2089-05-15","2089-May-15 07:30","3766980600000","22.0536619076","79393.182867491","49331.8363211919","0.0981607972","38.1845501108","14684646.178621964","9124616.0213285432","Venus","","","","","","","","","","","","","","","","","","","","","","","","","",""
"","","","","","","","","","","","2089-09-03","2089-Sep-03 22:14","3776624040000","18.7629031302","67546.4512687758","41970.7380119791","0.1566879481","60.9516118109","23440183.290430547","14565054.5061216686","Earth","","","","","","","","","","","","","","","","","","","","","","","","","",""
"","","","","","","","","","","","2090-07-26","2090-Jul-26 04:11","3804725460000","17.1725913094","61821.3287138656","38413.3695000127","0.0175246936","6.8171058104","2621656.834962632","1629022.0184910416","Earth","","","","","","","","","","","","","","","","","","","","","","","","","",""
"","","","","","","","","","","","2093-08-27","2093-Aug-27 04:52","3902187120000","28.2132056321","101567.5402754934","63110.1196784031","0.3811849422","148.2809425158","57024455.429193114","35433353.5372644132","Earth","","","","","","","","","","","","","","","","","","","","","","","","","",""
"","","","","","","","","","","","2094-08-12","2094-Aug-12 07:12","3932435520000","14.2986422044","51475.1119356614","31984.6327469114","0.1428320431","55.5616647659","21367369.415508197","13277067.6889872386","Earth","","","","","","","","","","","","","","","","","","","","","","","","","",""
"","","","","","","","","","","","2095-08-04","2095-Aug-04 21:09","3963330540000","29.584292723","106503.4538026772","66177.1043920024","0.3776767085","146.9162396065","56499631.140210895","35107242.846044551","Earth","","","","","","","","","","","","","","","","","","","","","","","","","",""
"","","","","","","","","","","","2096-02-19","2096-Feb-19 23:36","3980532960000","21.5312741409","77512.58690742","48163.3071258911","0.1100653167","42.8154081963","16465536.939195429","10231210.2264937602","Venus","","","","","","","","","","","","","","","","","","","","","","","","","",""
"","","","","","","","","","","","2098-09-02","2098-Sep-02 17:14","4060516440000","16.1466036561","58127.7731618434","36118.3377182576","0.1292847379","50.2917630431","19340721.413348273","12017767.0149932474","Earth","","","","","","","","","","","","","","","","","","","","","","","","","",""
"","","","","","","","","","","","2099-06-18","2099-Jun-18 04:36","4085440560000","23.9512922858","86224.6522287025","53576.6457139957","0.0982422898","38.2162507322","14696837.298002726","9132191.2316445788","Merc","","","","","","","","","","","","","","","","","","","","","","","","","",""
"","","","","","","","","","","","2099-07-26","2099-Jul-26 18:38","4088774280000","20.1077882443","72388.0376794404","44979.1115236501","0.1060850711","41.2670926579","15870100.675358557","9861223.2886678066","Earth","","","","","","","","","","","","","","","","","","","","","","","","","",""
"","","","","","","","","","","","2101-02-26","2101-Feb-26 04:12","4138834320000","28.7449420845","103481.791504087","64299.5609487478","0.0683885229","26.6031354081","10230777.358286223","6357110.2673189574","Merc","","","","","","","","","","","","","","","","","","","","","","","","","",""
"","","","","","","","","","","","2102-09-01","2102-Sep-01 12:31","4186557060000","24.4515393735","88025.5417446598","54695.6484246193","0.2850310691","110.8770858799","42640040.821182817","26495292.7632321946","Earth","","","","","","","","","","","","","","","","","","","","","","","","","",""
"","","","","","","","","","","","2102-11-05","2102-Nov-05 19:35","4192198500000","33.4339701609","120362.2925793584","74788.4478529908","0.0637145347","24.7849539983","9531558.679161089","5922635.9269534682","Merc","","","","","","","","","","","","","","","","","","","","","","","","","",""
"","","","","","","","","","","","2102-11-27","2102-Nov-27 17:14","4194090840000","21.1536451707","76153.122614497","47318.5888823245","0.1194197739","46.4542920471","17864943.811321593","11100761.3352122634","Venus","","","","","","","","","","","","","","","","","","","","","","","","","",""
"","","","","","","","","","","","2103-08-04","2103-Aug-04 11:43","4215670980000","14.6091179544","52592.8246360135","32679.1359523052","0.1078683664","41.9607945296","16136877.853819568","10026990.9406153184","Earth","","","","","","","","","","","","","","","","","","","","","","","","","",""
"","","","","","","","","","","","2104-07-15","2104-Jul-15 05:14","4245542040000","37.8169537976","136141.033671392","84592.7439498713","0.0854819135","33.2524643515","12787912.183124245","7946040.167814781","Merc","","","","","","","","","","","","","","","","","","","","","","","","","",""
"","","","","","","","","","","","2104-08-09","2104-Aug-09 19:00","4247751600000","33.3440376163","120038.5354185871","74587.2777438438","0.4798515841","186.6622662149","71784774.897485867","44604990.7603922846","Earth","","","","","","","","","","","","","","","","","","","","","","","","","",""
"","","","","","","","","","","","2107-08-28","2107-Aug-28 21:58","4344011880000","14.7181494432","52985.3379955661","32923.0284895227","0.1400151456","54.4658916384","20945967.549499872","13015220.7114553536","Earth","","","","","","","","","","","","","","","","","","","","","","","","","",""
"","","","","","","","","","","","2108-07-29","2108-Jul-29 15:39","4373019540000","23.5154965061","84655.7874221177","52601.8141345931","0.2070939978","80.5595651442","30980820.960664686","19250589.4832612268","Earth","","","","","","","","","","","","","","","","","","","","","","","","","",""
"","","","","","","","","","","","2108-12-25","2108-Dec-25 14:31","4385889060000","44.6113530303","160600.8709089068","99791.1355933705","0.0833914013","32.4392551057","12475176.010795231","7751714.9213109478","Merc","","","","","","","","","","","","","","","","","","","","","","","","","",""
"","","","","","","","","","","","2109-09-03","2109-Sep-03 12:03","4407652980000","20.7102152161","74556.7747779182","46326.6804168681","0.1314126016","51.1195020224","19659045.290518592","12215564.3002848896","Venus","","","","","","","","","","","","","","","","","","","","","","","","","",""
"","","","","","","","","","","","2110-09-04","2110-Sep-04 10:33","4439269980000","35.3987690167","127435.5684600822","79183.5064134327","0.0376032762","14.6276744418","5625370.024541694","3495442.8474116172","Merc","","","","","","","","","","","","","","","","","","","","","","","","","",""
"","","","","","","","","","","","2111-09-04","2111-Sep-04 16:53","4470828780000","20.9636866604","75469.27197749","46893.6706906799","0.2016518695","78.4425772355","30166690.158717965","18744712.060779317","Earth","","","","","","","","","","","","","","","","","","","","","","","","","",""
"","","","","","","","","","","","2112-05-15","2112-May-15 02:26","4492722360000","28.6040510414","102974.5837489694","63984.4017744638","0.0620799405","24.1490968545","9287026.868526735","5770690.905609543","Merc","","","","","","","","","","","","","","","","","","","","","","","","","",""
"","","","","","","","","","","","2112-07-28","2112-Jul-28 14:51","4499160660000","15.7521760475","56707.8337709309","35236.0426006098","0.0464204436","18.0575525604","6944399.487015132","4315049.7497155416","Earth","","","","","","","","","","","","","","","","","","","","","","","","","",""
"","","","","","","","","","","","2115-08-25","2115-Aug-25 14:45","4596187500000","30.8737441093","111145.4787936485","69061.4781981979","0.4501452005","175.1064829945","67340763.185522935","41843609.929509103","Earth","","","","","","","","","","","","","","","","","","","","","","","","","",""
"","","","","","","","","","","","2116-08-19","2116-Aug-19 21:24","4627315440000","14.3176661773","51543.5982382717","32027.1874719972","0.149319522","58.085294058","22337882.44061814","13880116.519044732","Earth","","","","","","","","","","","","","","","","","","","","","","","","","",""
"","","","","","","","","","","","2117-08-02","2117-Aug-02 07:27","4657332420000","26.8099513142","96515.8247309969","59971.1800946575","0.3003380084","116.8314852676","44929926.336682108","27918161.6432567704","Earth","","","","","","","","","","","","","","","","","","","","","","","","","",""
"","","","","","","","","","","","2120-09-04","2120-Sep-04 20:41","4754925660000","18.1720404568","65419.3456443601","40649.0372977414","0.1481862237","57.6444410193","22168343.428863519","13774769.8621298022","Earth","","","","","","","","","","","","","","","","","","","","","","","","","",""
"","","","","","","","","","","","2121-07-26","2121-Jul-26 20:53","4783006380000","17.6776232328","63639.4436382521","39543.0754095572","0.0308478902","11.9998292878","4614778.667913874","2867490.4969405012","Earth","","","","","","","","","","","","","","","","","","","","","","","","","",""
"","","","","","","","","","","","2124-08-28","2124-Aug-28 23:14","4880560440000","27.4627800565","98866.0082033222","61431.4927083365","0.3619082595","140.7823129455","54140704.756607265","33641473.959879657","Earth","","","","","","","","","","","","","","","","","","","","","","","","","",""
"","","","","","","","","","","","2125-08-11","2125-Aug-11 07:22","4910570520000","14.2965818245","51467.6945680373","31980.0238831229","0.1387269574","53.9647864286","20753257.338620738","12895476.1390446644","Earth","","","","","","","","","","","","","","","","","","","","","","","","","",""
"","","","","","","","","","","","2125-12-16","2125-Dec-16 08:59","4921549140000","25.0975686688","90351.2472076555","56140.7513552235","0.089651375","34.874384875","13411654.74257125","8333615.82213325","Merc","","","","","","","","","","","","","","","","","","","","","","","","","",""
"","","","","","","","","","","","2126-08-06","2126-Aug-06 16:24","4941707040000","30.3066929315","109104.0945532704","67793.0414183918","0.3979669964","154.8091615996","59535014.991737668","36993342.9117610984","Earth","","","","","","","","","","","","","","","","","","","","","","","","","",""
"","","","","","","","","","","","2127-08-26","2127-Aug-26 04:58","4974929880000","29.7747341969","107189.0431088094","66603.1029250266","0.0643773712","25.0427973968","9630717.607719344","5984250.4280571872","Merc","","","","","","","","","","","","","","","","","","","","","","","","","",""
"","","","","","","","","","","","2129-05-04","2129-May-04 19:12","5028289920000","34.4301134776","123948.4085194939","77016.7208381267","0.066665483","25.932872887","9973014.25932121","6196943.704644298","Merc","","","","","","","","","","","","","","","","","","","","","","","","","",""
"","","","","","","","","","","","2129-09-02","2129-Sep-02 17:57","5038739820000","15.7301763155","56628.6347358385","35186.8314001659","0.1299552828","50.5526050092","19441033.502127636","12080098.0566319368","Earth","","","","","","","","","","","","","","","","","","","","","","","","","",""
"","","","","","","","","","","","2130-07-28","2130-Jul-28 02:24","5067109440000","20.80988175","74915.5742998747","46549.6244864972","0.1275706379","49.6249781431","19084295.704381273","11858431.4679286474","Earth","","","","","","","","","","","","","","","","","","","","","","","","","",""
"","","","","","","","","","","","2131-01-12","2131-Jan-12 05:53","5081637180000","38.9896943162","140362.8995384986","87216.0472160187","0.0937416989","36.4655208721","14023558.485621343","8713835.1770588134","Merc","","","","","","","","","","","","","","","","","","","","","","","","","",""
"","","","","","","","","","","","2133-09-02","2133-Sep-02 05:39","5164925940000","23.651932594","85146.957338234","52907.0080194155","0.2652445207","103.1801185523","39680015.325890909","24656018.2087521842","Earth","","","","","","","","","","","","","","","","","","","","","","","","","",""
"","","","","","","","","","","","2134-08-02","2134-Aug-02 15:25","5193818700000","14.7556594528","53120.3740299896","33006.9346299122","0.0961837742","37.4154881638","14388887.748880954","8940840.2548830052","Earth","","","","","","","","","","","","","","","","","","","","","","","","","",""
"","","","","","","","","","","","2135-06-24","2135-Jun-24 22:43","5222011380000","41.0703360327","147853.2097178604","91870.2346716339","0.0622642856","24.2208070984","9314604.502831672","5787826.8529621936","Merc","","","","","","","","","","","","","","","","","","","","","","","","","",""
"","","","","","","","","","","","2137-03-04","2137-Mar-04 00:35","5275413300000","32.1763166147","115834.7398127422","71975.2026353119","0.0387532192","15.0750022688","5797399.047963104","3602336.7258306752","Merc","","","","","","","","","","","","","","","","","","","","","","","","","",""
"","","","","","","","","","","","2138-08-26","2138-Aug-26 20:49","5322142140000","14.5651756609","52434.6323793048","32580.8414359075","0.14402038","56.02392782","21545142.0845906","13387530.50332628","Earth","","","","","","","","","","","","","","","","","","","","","","","","","",""
"","","","","","","","","","","","2138-11-13","2138-Nov-13 12:08","5328936480000","27.9531994665","100631.5180793147","62528.5118865608","0.0815473555","31.7219212895","12199310.686932785","7580300.157671033","Merc","","","","","","","","","","","","","","","","","","","","","","","","","",""
"","","","","","","","","","","","2139-07-31","2139-Jul-31 09:14","5351390040000","24.389432332","87801.9563951964","54556.7211834486","0.2315471096","90.0718256344","34638954.400816552","21523648.1998383376","Earth","","","","","","","","","","","","","","","","","","","","","","","","","",""
"","","","","","","","","","","","2142-09-05","2142-Sep-05 02:47","5449171620000","20.0669416002","72240.9897605458","44887.7416653791","0.1829674642","71.1743435738","27371542.923621254","17007888.1064871452","Earth","","","","","","","","","","","","","","","","","","","","","","","","","",""
"","","","","","","","","","","","2143-07-28","2143-Jul-28 12:48","5477374080000","16.2527196198","58509.7906314204","36355.7085176179","0.0266493093","10.3665813177","3986679.908251191","2477208.0253247958","Earth","","","","","","","","","","","","","","","","","","","","","","","","","",""
"","","","","","","","","","","","2146-08-26","2146-Aug-26 16:04","5574585840000","29.9335840394","107760.9025419358","66958.4341377934","0.4257004159","165.5974617851","63683875.476754133","39571325.2745197154","Earth","","","","","","","","","","","","","","","","","","","","","","","","","",""
"","","","","","","","","","","","2147-08-18","2147-Aug-18 10:55","5605412100000","14.2921484529","51451.7344303032","31970.106874207","0.1490339579","57.9742096231","22295162.659509673","13853571.6779645674","Earth","","","","","","","","","","","","","","","","","","","","","","","","","",""
"","","","","","","","","","","","2148-08-03","2148-Aug-03 05:47","5635720020000","27.6961257138","99706.0525698233","61953.4636092882","0.3257000493","126.6973191777","48724033.634174991","30275710.5969212358","Earth","","","","","","","","","","","","","","","","","","","","","","","","","",""
"","","","","","","","","","","","2149-09-03","2149-Sep-03 02:49","5669923740000","31.0315923449","111713.7324416918","69414.568916339","0.1259307014","48.9870428446","18838964.697046018","11705989.8487823284","Venus","","","","","","","","","","","","","","","","","","","","","","","","","",""
"","","","","","","","","","","","2151-09-05","2151-Sep-05 14:27","5733210420000","17.5083851474","63030.186530753","39164.5067362893","0.1393982383","54.2259146987","20853679.531432421","12957875.5961565698","Earth","","","","","","","","","","","","","","","","","","","","","","","","","",""
"","","","","","","","","","","","2152-06-14","2152-Jun-14 15:57","5757667020000","26.5509120661","95583.2834379737","59391.7352006676","0.079773129","31.031747181","11933890.18163523","7415375.503336974","Merc","","","","","","","","","","","","","","","","","","","","","","","","","",""
"","","","","","","","","","","","2152-07-26","2152-Jul-26 17:38","5761301880000","18.3382011396","66017.5241025406","41020.7221291592","0.051193676","19.914339964","7658464.88707012","4758749.414682856","Earth","","","","","","","","","","","","","","","","","","","","","","","","","",""
"","","","","","","","","","","","2154-02-22","2154-Feb-22 07:12","5811030720000","30.9813933701","111533.0161324072","69302.278829606","0.0614609665","23.9083159685","9194429.676541355","5713153.678546499","Merc","","","","","","","","","","","","","","","","","","","","","","","","","",""
"","","","","","","","","","","","2155-08-30","2155-Aug-30 18:22","5858936520000","26.6754609012","96031.6592443952","59670.338489941","0.3416577111","132.9048496179","51111265.849635357","31759067.9114156466","Earth","","","","","","","","","","","","","","","","","","","","","","","","","",""
"","","","","","","","","","","","2155-11-01","2155-Nov-01 18:15","5864379300000","35.3780850874","127361.1063147919","79137.2385320995","0.0705799247","27.4555907083","10558606.399880389","6560813.7879078082","Merc","","","","","","","","","","","","","","","","","","","","","","","","","",""
"","","","","","","","","","","","2156-06-09","2156-Jun-09 03:14","5883419640000","29.9042258432","107655.2130356906","66892.7627887601","0.1058471102","41.1745258678","15834502.231575274","9839103.4414118212","Venus","","","","","","","","","","","","","","","","","","","","","","","","","",""
"","","","","","","","","","","","2156-08-09","2156-Aug-09 07:53","5888706780000","14.3452891645","51643.0409922911","32088.9773321266","0.1332362994","51.8289204666","19931866.596922278","12385087.5991843164","Earth","","","","","","","","","","","","","","","","","","","","","","","","","",""
"","","","","","","","","","","","2157-07-11","2157-Jul-11 02:44","5917718640000","39.7115340986","142961.522754784","88830.730625049","0.0988586196","38.4560030244","14789038.923300252","9189482.6649653976","Merc","","","","","","","","","","","","","","","","","","","","","","","","","",""
"","","","","","","","","","","","2157-08-07","2157-Aug-07 11:36","5920083360000","31.069273206","111849.3835415978","69498.8572345001","0.4178192164","162.5316751796","62504864.818509068","38838722.0227504184","Earth","","","","","","","","","","","","","","","","","","","","","","","","","",""
"","","","","","","","","","","","2160-09-01","2160-Sep-01 18:23","6016962180000","15.4540826006","55634.6973623285","34569.2373693868","0.1315760573","51.1830862897","19683497.915077951","12230758.4566236838","Earth","","","","","","","","","","","","","","","","","","","","","","","","","",""
"","","","","","","","","","","","2161-07-28","2161-Jul-28 09:11","6045441060000","21.3828808365","76978.3710113438","47831.366143132","0.1437850872","55.9323989208","21509942.782884264","13365658.6714562832","Earth","","","","","","","","","","","","","","","","","","","","","","","","","",""
"","","","","","","","","","","","2161-12-21","2161-Dec-21 12:51","6058068660000","41.1812985034","148252.6746123376","92118.4466223161","0.062821622","24.437610958","9397980.84114514","5839634.507237332","Merc","","","","","","","","","","","","","","","","","","","","","","","","","",""
"","","","","","","","","","","","2163-03-16","2163-Mar-16 08:34","6096933240000","29.1081030273","104789.1708983848","65111.9156618325","0.092169849","35.854071261","13788413.08862163","8567722.602693294","Venus","","","","","","","","","","","","","","","","","","","","","","","","","",""
"","","","","","","","","","","","2163-08-31","2163-Aug-31 14:46","6111470760000","32.2263466612","116014.8479804946","72087.1148465468","0.0385177748","14.9834143972","5762177.067219676","3580450.8018604888","Merc","","","","","","","","","","","","","","","","","","","","","","","","","",""
"","","","","","","","","","","","2164-09-02","2164-Sep-02 15:03","6143266980000","23.1057671188","83180.7616275464","51685.2904679607","0.2521940467","98.1034841663","37727692.213000529","23442900.8794001402","Earth","","","","","","","","","","","","","","","","","","","","","","","","","",""
"","","","","","","","","","","","2165-05-12","2165-May-12 04:18","6165001080000","27.9450684293","100602.2463455437","62510.3235695408","0.0821425547","31.9534537783","12288351.219478489","7635627.3790375882","Merc","","","","","","","","","","","","","","","","","","","","","","","","","",""
"","","","","","","","","","","","2165-08-01","2165-Aug-01 13:29","6172032540000","14.8944880649","53620.1570336922","33317.4803524072","0.0879598742","34.2163910638","13158609.825787954","8176381.0019196052","Earth","","","","","","","","","","","","","","","","","","","","","","","","","",""
"","","","","","","","","","","","2169-08-25","2169-Aug-25 15:23","6300343380000","14.5055499618","52219.9798625362","32447.4647095853","0.1461596205","56.8560923745","21865167.906808335","13586385.328231623","Earth","","","","","","","","","","","","","","","","","","","","","","","","","",""
"","","","","","","","","","","","2169-12-20","2169-Dec-20 15:52","6310453920000","28.40768505","102267.6661799525","63545.1506883155","0.0807444618","31.4095956402","12079199.499576366","7505666.5266552108","Venus","","","","","","","","","","","","","","","","","","","","","","","","","",""
"","","","","","","","","","","","2170-07-31","2170-Jul-31 18:14","6329729640000","24.821564116","89357.630817704","55523.356771145","0.2442540962","95.0148434218","36539892.530295094","22704836.3810725372","Earth","","","","","","","","","","","","","","","","","","","","","","","","","",""
"","","","","","","","","","","","2173-09-05","2173-Sep-05 05:11","6427487460000","19.7010031879","70923.6114764573","44069.1740310242","0.1754125735","68.2354910915","26241347.366818445","16305617.152226741","Earth","","","","","","","","","","","","","","","","","","","","","","","","","",""
"","","","","","","","","","","","2174-07-28","2174-Jul-28 02:52","6455645520000","16.5245887013","59488.51932454","36963.852465851","0.0185859233","7.2299241637","2780414.537663371","1727669.4806056798","Earth","","","","","","","","","","","","","","","","","","","","","","","","","",""
"","","","","","","","","","","","2176-09-25","2176-Sep-25 20:14","6523964040000","27.4781498533","98921.3394718368","61465.8734068199","0.067421582","26.226995398","10086125.05923034","6267227.496605092","Venus","","","","","","","","","","","","","","","","","","","","","","","","","",""
"","","","","","","","","","","","2177-08-27","2177-Aug-27 01:42","6552927720000","29.5405963217","106346.1467582363","66079.359912083","0.4157461483","161.7252516887","62194738.246384121","38646018.3066220298","Earth","","","","","","","","","","","","","","","","","","","","","","","","","",""
"","","","","","","","","","","","2178-08-17","2178-Aug-17 08:48","6583625280000","14.292789275","51454.0413900418","31971.5403292734","0.148628277","57.816399753","22234473.66096999","13815861.282926262","Earth","","","","","","","","","","","","","","","","","","","","","","","","","",""
"","","","","","","","","","","","2178-12-12","2178-Dec-12 14:35","6593754900000","27.3085391133","98310.7408080323","61086.4711426354","0.0750588011","29.1978736279","11228636.769313657","6977151.3536441866","Merc","","","","","","","","","","","","","","","","","","","","","","","","","",""
"","","","","","","","","","","","2179-08-04","2179-Aug-04 12:48","6614052480000","28.0663041521","101038.6949474736","62781.5157577788","0.3351887465","130.3884223885","50143522.524369955","31157740.093037179","Earth","","","","","","","","","","","","","","","","","","","","","","","","","",""
"","","","","","","","","","","","2180-08-21","2180-Aug-21 00:08","6647098080000","31.2238372017","112405.8139261682","69844.6014365127","0.0610124601","23.7338469789","9127334.074419987","5671462.4046383406","Merc","","","","","","","","","","","","","","","","","","","","","","","","","",""
"","","","","","","","","","","","2182-04-30","2182-Apr-30 07:05","6700431900000","35.1696279019","126610.6604467669","78670.9406537147","0.0693124831","26.9625559259","10368999.836170997","6442997.7324218786","Merc","","","","","","","","","","","","","","","","","","","","","","","","","",""
"","","","","","","","","","","","2182-09-05","2182-Sep-05 09:40","6711500400000","17.2523944416","62108.619989805","38591.881126443","0.1373921062","53.4455293118","20553566.442333794","12771393.9698585972","Earth","","","","","","","","","","","","","","","","","","","","","","","","","",""
"","","","","","","","","","","","2183-07-02","2183-Jul-02 18:08","6737450880000","25.9238803197","93325.9691510644","57989.1278872266","0.0537021468","20.8901351052","8033726.775707316","4991926.3397243208","Venus","","","","","","","","","","","","","","","","","","","","","","","","","",""
"","","","","","","","","","","","2183-07-27","2183-Jul-27 16:07","6739603620000","18.6029484078","66970.6142679497","41612.9352933268","0.0587812649","22.8659120461","8793552.024945763","5464059.8564790094","Earth","","","","","","","","","","","","","","","","","","","","","","","","","",""
"","","","","","","","","","","","2184-01-07","2184-Jan-07 12:35","6753760500000","39.1465158456","140927.4570440351","87566.841294945","0.0945041756","36.7621243084","14137623.375865972","8784711.8132635336","Merc","","","","","","","","","","","","","","","","","","","","","","","","","",""
"","","","","","","","","","","","2186-08-30","2186-Aug-30 23:06","6837260760000","26.3953248467","95023.1694482525","59043.7021496655","0.3348509571","130.2570223119","50092989.949621377","31126340.6071019226","Earth","","","","","","","","","","","","","","","","","","","","","","","","","",""
"","","","","","","","","","","","2187-08-09","2187-Aug-09 13:32","6866947920000","14.3703716599","51733.3379755694","32145.0843659865","0.1311836787","51.0304510143","19624798.912284369","12194284.5876035322","Earth","","","","","","","","","","","","","","","","","","","","","","","","","",""
"","","","","","","","","","","","2188-06-18","2188-Jun-18 18:11","6894094260000","43.0627895674","155026.0424427793","96327.1539834036","0.0737563382","28.6912155598","11033791.093719634","6856079.8649895892","Merc","","","","","","","","","","","","","","","","","","","","","","","","","",""
"","","","","","","","","","","","2188-08-07","2188-Aug-07 17:05","6898410300000","31.2964399593","112667.1838534843","70007.0065449609","0.4243441863","165.0698884707","63480986.417363181","39445255.8589306578","Earth","","","","","","","","","","","","","","","","","","","","","","","","","",""
"","","","","","","","","","","","2190-02-26","2190-Feb-26 12:44","6947469840000","34.479962683","124127.8656587554","77128.228525575","0.0359533393","13.9858489877","5378542.978667291","3342071.6330229758","Merc","","","","","","","","","","","","","","","","","","","","","","","","","",""
"","","","","","","","","","","","2190-04-08","2190-Apr-08 00:43","6950968980000","24.9795023853","89926.2085872463","55876.6488857809","0.0543814263","21.1543748307","8135345.542041981","5055069.3131460978","Venus","","","","","","","","","","","","","","","","","","","","","","","","","",""
"","","","","","","","","","","","2191-09-02","2191-Sep-02 09:17","6995236620000","15.3625591818","55305.2130545326","34364.5086338011","0.1327629116","51.6447726124","19861048.790358292","12341083.4546847496","Earth","","","","","","","","","","","","","","","","","","","","","","","","","",""
"","","","","","","","","","","","2191-11-07","2191-Nov-07 02:57","7000916220000","28.4194360875","102309.9699148693","63571.4365840476","0.0643058948","25.0149930772","9620024.890524076","5977606.2816852088","Merc","","","","","","","","","","","","","","","","","","","","","","","","","",""
"","","","","","","","","","","","2192-07-28","2192-Jul-28 09:17","7023748620000","21.4820327615","77335.3179414756","48053.1590842463","0.1470290958","57.1943182662","21995239.559705946","13667208.1055402148","Earth","","","","","","","","","","","","","","","","","","","","","","","","","",""
"","","","","","","","","","","","2195-09-03","2195-Sep-03 14:04","7121570640000","23.0727723194","83061.9803497471","51611.4844012081","0.2514735208","97.8231995912","37619903.073080696","23375923.8136217648","Earth","","","","","","","","","","","","","","","","","","","","","","","","","",""
"","","","","","","","","","","","2196-08-01","2196-Aug-01 09:18","7150324680000","14.9085041936","53670.6150971134","33348.8330307591","0.0876422185","34.0928229965","13111089.209674595","8146853.060295611","Earth","","","","","","","","","","","","","","","","","","","","","","","","","",""
"","","","","","","","","","","","2197-01-12","2197-Jan-12 08:34","7164491640000","24.0273548497","86498.4774589704","53746.7900633252","0.0627005859","24.3905279151","9379874.098392033","5828383.4990067354","Venus","","","","","","","","","","","","","","","","","","","","","","","","","",""
"","","","","","","","","","","","2200-08-27","2200-Aug-27 00:50","7278684600000","14.5145773172","52252.4783417879","32467.6580007626","0.1459276803","56.7658676367","21830470.146920961","13564825.1399968218","Earth","","","","","","","","","","","","","","","","","","","","","","","","","",""
